Data_Publicacao;Descricao;Empresa;Funcao;Localidade;Nivel_experiencia;Plataforma;Setor;Tipo_emprego;Titulo
17 hours ago ;"Sobre a empresa: TOP CELL SALVADOR: Loja de celulares




Descrição da vaga: Vaga Para Atendente Em Salvador (Atendente De Loja De Celular / Smartphone Em Salvador)




Atendimento aos clientes e publico em geral.




Demonstração smartphones / celulares aos clientes.




Atendimento via WhatsApp e telefone




Ajudar os cliente na escolha do melhor produto.




Atendente em loja de de celular, eletrônicos e acessórios.




Manter loja e produtos organizado.




Fechamento de pedidos




JORNADA SEMANAL: segunda à sexa (09:00 às 17:00) e Sabado das 08:00 às 12:00




BENEFICIOS: -




Vale transporte
Plano de saúde, depois de 03 meses de casa.
Vale refeição
PPR e Bonificação.




Tags




vaga atendente em salvador,




atendente de loja em salvador,




atendente jovem aprendiz salvador,




vagas de atendente




Benefícios




Vale Transporte
Vale Refeição
Assistência Médica
PPR (Bonificação)




Requisitos Necessários: - Ensino Médio Completo




Morar em Salvador ou cidades prox. a Salvador




Salário: 1730,00




Contrato: CLT (Efetivo)";Recruta Simples Vagas ;; Salvador, Bahia, Brazil;;LinkedIn;;;Atendente
3 hours ago ;Realizar atividades de suporte técnico administrativo na área comercial de Seguros, contemplando atividades de naturezas diversas, tais como: preenchimento e atualizações de cadastro de fornecedores e contratos, apoio aos executivos de vendas nos processos de cotações e implantações, inserção de dados de notas fiscais e ativos, recuperação de valores de descontos comerciais, cadastramento de itens no sistema e registro da entrada e saída de documentos, contatos e atendimentos a corretores/ clientes, fornecendo e recebendo informações, tratando de ajustes, acertos e providências para recebimento de valores, cumprindo todo o procedimento necessário referente aos mesmos, auxiliar em relatórios e planilhas de acordo com as diretrizes da área de atuação, assegurando o cumprimento dos prazos estipulados. Conhecimentos de Word ou outro editor de texto, Excel ou outra planilha eletrônica e Pacote Office.;Seguros Unimed ;; Cuiabá, Mato Grosso, Brazil;;LinkedIn;;;Assistente Técnico Administrativo
14 hours ago ;"Definição: Prestar atendimento aos clientes corporativos, controlando e analisando informações e documentos relacionados à área de atuação.

Responsabilidades e atribuições

Atender internamente aos clientes corporativos, solucionando problemas e sanando dúvidas diversas relacionadas a faturamento, atendimento, autorizações, movimentações cadastrais, preenchimento de declarações de saúde, utilização do portal empresarial, utilização do portal do cliente, utilização do aplicativo Unimed Santos e outros;

Prestar suporte administrativo a coordenação, gestor e especialistas referente a informações ou documentações necessárias para realizar as visitas e atendimento aos contratantes;

Emitir relatórios diversos confeccionados para acompanhamento da coordenação, gestor e gerência, bem como aqueles solicitados pelos contratantes (necessário ter experiência no pacote office, principalmente Excel);

Utilizar a ferramenta Cardio para consultar informações dos contratantes e emitir relatórios diversos;

Requisitos e qualificações

Ensino Superior completo ou cursando";Unimed Santos ;; Santos, São Paulo, Brazil;;LinkedIn;;;Assistente de Relacionamento Corporativo
11 hours ago ;"Detalhes da vaga




Requisitos




Formação: Ensino Médio completo.
Experiência na função de Almoxarife.




Atividades




Acompanhar o andamento dos procedimentos operacionais de forma a garantir o cumprimento das mesmas, reportando ao supervisor situações que requerem intervenção;
Conferir boletos de acompanhamento, sempre que necessário, no recebimento de produtos, dando o devido destino para os produtos (reversa, etiquetagem ou armazenamento);
Participar de reuniões estratégicas e de gestão para representação dos interesses da equipe.




Outras Informações




Local de trabalho: Morumbi
Escala de trabalho: 08:00 as 17:48 (5x2)
Disponibilidade para treinamento.";Rede D'Or São Luiz ;; São Paulo, São Paulo, Brazil;;LinkedIn;;;Almoxarife - Almoxarifado - Unidade Morumbi (1 vaga)
3 hours ago ;Auxiliar na execução de atividades administrativas em escola de Educação Infantil e Ensino Fundamental. Desejável experiência em funções administrativas e formação na área.;Colégio Stocco ;; Santo André, São Paulo, Brazil;;LinkedIn;;;Auxiliar Administrativo
14 hours ago ;"Responsabilidades e atribuições

Realizar diariamente a coleta e acompanhamento geral das ocorrências no ponto, providenciando posteriormente as justificativas de forma individualizada no sistema de Ponto;

Processar o ajuste das horas registradas em ponto, importando dados, conferindo com documentação de justificativas de ocorrências, promovendo alterações na base de dados para lançamentos em folha de pagamento e posterior impressão de espelho para acolhimento de assinaturas;

Conhecimento geral nas rotinas de Administração de Pessoal, como: férias, rescisões, E-social

Requisitos e qualificações

Ensino superior completo ou cursando

Experiência na área de Administração de Pessoal";Unimed Santos ;; Santos, São Paulo, Brazil;;LinkedIn;;;Assistente de Departamento Pessoal
14 hours ago ;"Responsabilidades e atribuições

Realizar diariamente a coleta e acompanhamento geral das ocorrências no ponto, providenciando posteriormente as justificativas de forma individualizada no sistema de Ponto;

Processar o ajuste das horas registradas em ponto, importando dados, conferindo com documentação de justificativas de ocorrências, promovendo alterações na base de dados para lançamentos em folha de pagamento e posterior impressão de espelho para acolhimento de assinaturas;

Conhecimento geral nas rotinas de Administração de Pessoal, como: férias, rescisões, E-social

Requisitos e qualificações

Ensino superior completo ou cursando

Experiência na área de Administração de Pessoal";Unimed Santos ;; Santos, São Paulo, Brazil;;LinkedIn;;;Assistente de Departamento Pessoal
1 hour ago ;"Job Description

A Globo é feita de gente que quer fazer diferente, fazer junto, fazer o futuro. Gente espalhada por todo o país (e mundo!) trabalhando com conteúdo, notícias, negócios, tecnologia e brasilidade de sobra. Canais na TV aberta e por assinatura, produtos digitais como globoplay, Cartola, g1, ge, gshow e outros serviços estão reunidos no mesmo lugar, na mesma globo. Novos modelos de negócios digitais estão sendo pensados e desenvolvidos, buscando nos aproximar cada vez mais do usuário e dos seus desejos. As oportunidades de novos negócios também trazem a chance e o desafio de construirmos novos times data-driven e que coloquem o consumidor no centro das nossas decisões.

Acreditamos na intencionalidade para gerar movimentos transformadores, que reconheçam que diferentes grupos sociais partem de diferentes realidades que precisam ser levadas em consideração e acolhidas pelas pessoas e pelo negócio.

Equipes representativas trazem inovação inclusiva, nos permitindo criar experiências emocionantes para diferentes tipos de pessoas. Queremos ser cada vez mais o lugar onde todas as pessoas se encontram e, por isso, essa vaga é para você que quer crescer e construir o futuro com a gente, nos bastidores de produtos e serviços que impactam a vida de milhões de pessoas no Brasil todos os dias.

Este é um banco de vagas que busca atrair candidaturas para a inclusão de profissionais mulheres.

As oportunidades podem surgir em diferentes Áreas: Negócios, Digital / Tecnologia, Conteúdo, Marketing, RH, Finanças, e outras.

A inscrição em nosso banco de talentos não garante a contratação, pois ela dependerá da disponibilidade de vagas e avaliação de currículos e requisitos de cada uma das oportunidades.

Additional information

Por que vir para Globo:

Aguçar a brasilidade em cada detalhe para inspirar e impactar positivamente milhões de brasileiros e brasileiras;
Um time incrível formado por pessoas apaixonadas pelo que fazem, referências em suas áreas de atuação, que vão impulsionar seu desenvolvimento profissional no dia a dia;
Possibilidade de trabalhar em diferentes produtos e projetos, com diferentes tecnologias e metodologias, tudo em um só lugar.


Nossos processos seletivos estão acontecendo de forma 100% remota e nós encorajamos inscrições de qualquer lugar do Brasil e do mundo. #vempraglobo

Seguindo o compromisso de contribuir para um ambiente seguro para nossas pessoas, informamos que ter o esquema completo vacinação contra a Covid-19 é uma condição obrigatória para o trabalho na Globo, presencial ou a distância, e que o comprovante deverá ser apresentado como pré-requisito para a contratação.

Quer saber mais sobre como é trabalhar na Globo? Vem acompanhar nosso dia a dia, desafios e conquistas nas nossas redes:

https://www.linkedin.com/company/globo

https://www.instagram.com/vempraglobo

https://www.youtube.com/c/VemPraGlobo/

Os seus dados pessoais serão utilizados para fins de seleção de candidatos para preenchimento das vagas abertas na Globo. Os dados pessoais coletados durante o processo seletivo dos candidatos que não forem admitidos neste momento poderão ser mantidos nos bancos de dados para consideração em futuros processos seletivos. Todos os dados coletados serão tratados segundo rígidos padrões de segurança da informação e em total respeito às leis de privacidade aplicáveis, incluindo a Lei 13.709/18, e nos termos de nossa política de privacidade, disponível no link:

https://vempraglobo.g.globo/files/politica_de_privacidade.pdf

Ao prosseguir você está ciente e de acordo para realização de sua candidatura nestes termos.

✨somos globo✨

A Globo é feita de gente que quer fazer diferente, fazer junto, fazer o futuro. Gente espalhada por todo o país (e mundo!) trabalhando com conteúdo, notícias, negócios, tecnologia e brasilidade de sobra.

Canais na TV aberta e por assinatura, produtos digitais como Globoplay, Cartola, G1, Ge, Gshow e outros serviços estão reunidos no mesmo lugar, na mesma Globo.

Nos transformamos em uma empresa mediatech, colocando o cliente no centro, com foco na produção tanto de conteúdo como de tecnologias que permitem nosso público escolher o que, quando e como assistir.

Queremos ser um ambiente onde todas as pessoas se encontram, com respeito e valorização das diferenças. Porque é assim que a gente reúne ideias, opiniões, pensamentos e histórias diversas. Quanto melhor representarmos aqui dentro as pessoas que buscamos informar e emocionar, maior será nossa capacidade de criar vínculos verdadeiros com os milhões de brasileiros e brasileiras que entram em contato com nossos produtos, histórias e notícias todos os dias.

Para isso se tornar realidade contamos com o que temos de mais valioso: nossos times.

Quer fazer parte dessa transformação também? #VemPraGlobo ;)

";Globo ;; São Paulo, São Paulo, Brazil;;LinkedIn;;;Banco de Talentos | Mais mulheres na Globo! 👩
9 hours ago ;"Descrição

Sua missão é encantar, inspirar e executar com agilidade as atividades da reserva (estoque), mantendo a disciplina dos processos da área e facilitando a operação da loja.

Além disso, propor melhores práticas e zelar sempre pelo nosso produto!";C&A Brasil ;; Caxias do Sul, Rio Grande do Sul, Brazil;;LinkedIn;;;Estoquista
3 hours ago ;"-Apoiar na elaboração e revisão o cálculo do risco do cooperado com foco em Pessoa Juridica e do risco das operações de crédito; -Auxiliar na análise econômico-financeira dos cooperados para definição de limites; -Auxiliar no suporte técnico ao comitê de crédito da Cooperativa; -Apoiar a operacionalização da venda de produtos e serviços na Cooperativa; -Auxiliar na análise das operações de crédito quanto à viabilidade econômica do empreendimento, conforme a correlação do custo/benefício; -Formalizar as operações de crédito realizadas na cooperativa; -Repassar informações para a área de Negócios sobre políticas e práticas na concessão de crédito; -Executar outras tarefas correlatas conforme a necessidade e orientação superior."" Conhecimento de Pacote office intermediário; Conhecimento do Manual de crédito Bacen; Conhecimento de Matemática Financeira; Conhecimento de instrumentos de créditos para PJ (Pessoa Juridica);";Sicoob Crediconsumo ;; Santo André, São Paulo, Brazil;;LinkedIn;;;Assistente de Crédito
3 hours ago ;Responsável por prestar atendimento pessoal relacionado ao paciente. Realizar controle de documentos, relatórios e atualização de dados em sistema, liberação e preparação de exames.;Hospital Moriah ;; São Paulo, São Paulo, Brazil;;LinkedIn;;;Recepcionista - Centro de Diagnóstico
20 hours ago ;"A Bluefit é uma rede de academias brasileira, que atua dentro do segmento value service, com um ambicioso projeto de expansão.

Nossa missão é: ""Acabar com as desculpas para não treinar"".

Buscamos profissionais qualificados que possuam vontade e determinação em evoluir e se juntar a nós nessa jornada. Venha dar um BLUE na sua carreira!

Perfil do Profissional

Fazem parte de nossa equipe aqueles que não buscam apenas um trabalho, mas pessoas que fazem do trabalho uma forma de transformação de qualidade de vida, seja como autocuidado ou cuidando dos outros. Para isso procuramos por aqueles que possuem os nossos valores:

Transparência: Ser autêntico e comprometido com a verdade;
Tratamento Igualitário: Tratar bem, não importa a quem;
Visão de Dono: Vestir a camisa e colocar a mão na massa;
Gostar de Pessoas: Cuidar das pessoas para que possam viver melhor;
Vontade de Evoluir: Nosso negócio só continua a crescer quando nossos Blues crescem e se desenvolvem.


Vem com a gente, colorir o Brasil de Blue!

Responsabilidades e atribuições

Atender o cliente pessoalmente, via internet, telefone ou whatsapp;
Realizar venda ativa através do telefone ou whatsapp;
Realizar o processo de venda dos planos da Academia;
Captar clientes;
Cadastrar os alunos no sistema;
Contatar os inadimplentes e realizar as negociações conforme procedimento interno;
Fechar o caixa diário;
Preencher e atualizar os controles administrativos (planilha de manutenção, críticas, soluções e elogio);
Formalizar e encaminhar as solicitações dos clientes internos e/ou externos para o supervisor da unidade;
Controlar e liberar a catraca de acesso para os clientes internos e externos;
Orientar e esclarecer dúvidas dos clientes internos e/ou externos;
Receber, organizar e distribuir as correspondências;
Receber e organizar os objetos correspondente aos achados e perdidos conforme regulamento interno;
Prover ideias e sugestões para a melhoria contínua dos processos da recepção;
Informar o supervisor de qualquer ocorrência na unidade referente a parte estrutural, manutenção, colaboradores e clientes;
Zelar pela perfeita conservação, limpeza e ordem da recepção;
Executar outras tarefas correlatas, conforme necessidade do serviço e orientação do superior imediato,
Elaborar e atualizar relatórios e controles da unidade e enviar para o superior imediato, (documentos relacionados com vendas, mudança de plano, movimentação de clientes, movimentação de pessoal/equipe e visitantes, inadimplentes);
Interagir com sua equipe e gestão no aprimoramento e desenvolvimento de novas visões e de relatórios que atenda suas necessidades. Criar condições para a tomada de decisões;
Atuar junto ao Supervisor da unidade para gerar ações de prospecção de clientes e parceiros (Captação de informações de mercado, clientes, consumidores e abastecer a gestão da Bluefit com os dados levantados para o Network e Benchmark);
Capacitar e desenvolver sua equipe. Aplicar treinamento inicial aos novos colaboradores e reciclagem conforme necessidade da unidade;
Entrevistar e selecionar pessoas para compor sua equipe e participar do processo de admissão da equipe, (recolher e conferir a documentação dos aprovados e envia-los para o Departamento Pessoal);
Adotar medidas cabíveis para garantir a segurança contra riscos de acidentes dos colaboradores e clientes;
Informar o superior imediato de qualquer ocorrência na unidade referente a parte estrutural, manutenção, colaboradores e clientes;
Zelar pela perfeita conservação e organização do seu local de trabalho;
Inspecionar a equipe sobre a correta e necessária utilização do uniforme, bem como a utilização dos equipamentos e consumo justo dos materiais de escritório e limpeza;
Executar outras tarefas correlatas, conforme necessidade do serviço e orientação do superior imediato.


Requisitos e qualificações

Ensino médio completo ou cursando superior;
Experiência na função;
Informática básica (WORD, EXCEL).


Informações adicionais

Local de atuação: Unidade Graça - R. Rio de São Pedro, 1 - Graça, Salvador - BA, 40150-350
Horário de atuação: De segunda a sexta-feira das 05h00 ás 13h30 e as sábados, domingos e feriados mediante escala.
Benefícios: Vale refeição +Vale transporte + plano VIP Gold para colaborador e um acompanhante";Bluefit Academia ;; Salvador, Bahia, Brazil;;LinkedIn;;;ATENDENTE
20 hours ago ;"A Bluefit é uma rede de academias brasileira, que atua dentro do segmento value service, com um ambicioso projeto de expansão.

Nossa missão é: ""Acabar com as desculpas para não treinar"".

Buscamos profissionais qualificados que possuam vontade e determinação em evoluir e se juntar a nós nessa jornada. Venha dar um BLUE na sua carreira!

Perfil do Profissional

Fazem parte de nossa equipe aqueles que não buscam apenas um trabalho, mas pessoas que fazem do trabalho uma forma de transformação de qualidade de vida, seja como autocuidado ou cuidando dos outros. Para isso procuramos por aqueles que possuem os nossos valores:

Transparência: Ser autêntico e comprometido com a verdade;
Tratamento Igualitário: Tratar bem, não importa a quem;
Visão de Dono: Vestir a camisa e colocar a mão na massa;
Gostar de Pessoas: Cuidar das pessoas para que possam viver melhor;
Vontade de Evoluir: Nosso negócio só continua a crescer quando nossos Blues crescem e se desenvolvem.


Vem com a gente, colorir o Brasil de Blue!

Responsabilidades e atribuições

Atender o cliente pessoalmente, via internet, telefone ou whatsapp;
Realizar venda ativa através do telefone ou whatsapp;
Realizar o processo de venda dos planos da Academia;
Captar clientes;
Cadastrar os alunos no sistema;
Contatar os inadimplentes e realizar as negociações conforme procedimento interno;
Fechar o caixa diário;
Preencher e atualizar os controles administrativos (planilha de manutenção, críticas, soluções e elogio);
Formalizar e encaminhar as solicitações dos clientes internos e/ou externos para o supervisor da unidade;
Controlar e liberar a catraca de acesso para os clientes internos e externos;
Orientar e esclarecer dúvidas dos clientes internos e/ou externos;
Receber, organizar e distribuir as correspondências;
Receber e organizar os objetos correspondente aos achados e perdidos conforme regulamento interno;
Prover ideias e sugestões para a melhoria contínua dos processos da recepção;
Informar o supervisor de qualquer ocorrência na unidade referente a parte estrutural, manutenção, colaboradores e clientes;
Zelar pela perfeita conservação, limpeza e ordem da recepção;
Executar outras tarefas correlatas, conforme necessidade do serviço e orientação do superior imediato,
Elaborar e atualizar relatórios e controles da unidade e enviar para o superior imediato, (documentos relacionados com vendas, mudança de plano, movimentação de clientes, movimentação de pessoal/equipe e visitantes, inadimplentes);
Interagir com sua equipe e gestão no aprimoramento e desenvolvimento de novas visões e de relatórios que atenda suas necessidades. Criar condições para a tomada de decisões;
Atuar junto ao Supervisor da unidade para gerar ações de prospecção de clientes e parceiros (Captação de informações de mercado, clientes, consumidores e abastecer a gestão da Bluefit com os dados levantados para o Network e Benchmark);
Capacitar e desenvolver sua equipe. Aplicar treinamento inicial aos novos colaboradores e reciclagem conforme necessidade da unidade;
Entrevistar e selecionar pessoas para compor sua equipe e participar do processo de admissão da equipe, (recolher e conferir a documentação dos aprovados e envia-los para o Departamento Pessoal);
Adotar medidas cabíveis para garantir a segurança contra riscos de acidentes dos colaboradores e clientes;
Informar o superior imediato de qualquer ocorrência na unidade referente a parte estrutural, manutenção, colaboradores e clientes;
Zelar pela perfeita conservação e organização do seu local de trabalho;
Inspecionar a equipe sobre a correta e necessária utilização do uniforme, bem como a utilização dos equipamentos e consumo justo dos materiais de escritório e limpeza;
Executar outras tarefas correlatas, conforme necessidade do serviço e orientação do superior imediato.


Requisitos e qualificações

Ensino médio completo ou cursando superior;
Experiência na função;
Informática básica (WORD, EXCEL).


Informações adicionais

Local de atuação: Unidade Graça - R. Rio de São Pedro, 1 - Graça, Salvador - BA, 40150-350
Horário de atuação: De segunda a sexta-feira das 05h00 ás 13h30 e as sábados, domingos e feriados mediante escala.
Benefícios: Vale refeição +Vale transporte + plano VIP Gold para colaborador e um acompanhante";Bluefit Academia ;; Salvador, Bahia, Brazil;;LinkedIn;;;ATENDENTE
3 hours ago ;Auxiliar o departamento administrativo auxiliando as áreas financeira e RH, realizando arquivo de documentos, fechamento de caixa, administração do contas a receber e contas a pagar, conciliação bancária, lançamento de notas fiscais em sistema, emissão de notas fiscais, atividades de departamento pessoal. Tarefas administrativas pertinentes ao departamento administrativo geral. Desejável curso em pacote office (conhecimentos intermediários) Deverá estar cursando: Graduação em Administração de Empresas;Asasul IT Solutions ;; Santo André, São Paulo, Brazil;;LinkedIn;;;Auxiliar Administrativo
17 hours ago ;"Sobre a empresa: Com o objetivo de promover a inclusão e o desenvolvimento social, nasceu a Fundação Bradesco, que desde 1956, oferece educação gratuita e de qualidade a milhares de pessoas.




Descrição da vaga: Orientador Pedagógico e Educacional




Imagine você trabalhando em uma instituição com mais de 60 anos de história, 40 Unidades Escolares espalhadas pelo Brasil, e com a missão de levar educação de qualidade a regiões socioeconomicamente desfavorecidas, fazendo com que os nossos alunos possam sonhar com um futuro melhor.




Curtiu? Essa é a Fundação Bradesco! #FB para os íntimos.




Local da vaga: OSASCO I, SP




Como Orientador Pedagógico e Educacional, quais serão seus desafios?




Você será responsável em organizar e acompanhar o processo de ensino e aprendizagem do segmento sob sua responsabilidade, garantir a reflexão, o envolvimento e a concretização dos propósitos pedagógicos e educacionais, de tal forma que a escola cumpra sua tarefa de que todos os alunos aprendam e se desenvolvam como cidadãos conscientes e plenos.




Horário De Trabalho




De segunda a sexta-feira das 7h ÀS 17h com 2h de intervalo e uma vez na semana irá conduzir reunião pedagógica no período noturno.




É imprescindível que você tenha?




Graduação em Pedagogia ou áreas afins, com especialização em cursos na área de Educação.




É Desejável Que Você Tenha




Conhecimentos das Fases do desenvolvimento cognitivo, psíquico e social




Vivências no Processo ensino-aprendizagem, gestão de sala de aula e na mediação de conflitos




Práticas em análise de resultados e elaboração de plano de ação para melhoria




Domínio dos recursos de informática (Microsoft Outlook, Word, PowerPoint e Excel)




E Olha Que Legal Os Benefícios Que Oferecemos




(Os benefícios podem variar de acordo com a região e horário de trabalho)




Assistência Médica




Assistência Odontológica




Convênio com Farmácias




Convênio com Instituições de Ensino




Convênio com escolas de Idiomas e Intercâmbio




Parceria com o SESC




Desconto nos produtos Bradesco




Estacionamento




Participação nos resultados da Organização Bradesco




Previdência Privada




Programa de Gestação Saudável




Programa de Orientação Nutricional




Seguro de Vida




Vale-Alimentação




Vale-Transporte




Ficou curioso (a) para conhecer mais sobre a #FB e como é trabalhar por aqui?




Fique ligado (a) em nossas redes sociais e acompanhe as novidades por lá!




#VemPraFB #EducaçãoParaTransformar




Na Fundação Bradesco, proporcionamos oportunidades iguais para todos os indivíduos qualificados, independentemente de raça, gênero, deficiência ou qualquer outra característica.




Os nossos princípios consideram o respeito mútuo, a diversidade, a equidade e a proteção dos direitos humanos e trabalhistas dentro de um ambiente saudável e motivador.




Salário: a combinar




Contrato: CLT (Efetivo)";Fundação Bradesco ;; Osasco, São Paulo, Brazil;;LinkedIn;;;Orientador Pedagógico e Educacional
3 hours ago ;Irá atuar em colégio humanista, acompanhando os alunos em salas de aula, no intervalo, em atividades recreativas, prestam suporte ao professor para eventual necessidade, Participará do planejamento das atividades pedagógicas e ações junto aos estudantes. Sua atuação pode ocorrer em todos os segmentos, do infantil ao ensino médio. Formação: Superior cursando - Pedagogia, Licenciaturas e outros que englobam a área educacional. Experiência na área educacional, como Auxiliar de Classe. Formação: Superior cursando - Pedagogia, Licenciaturas e outros que englobam a área educacional. Diferencial: Conhecimentos sobre a BNCC e metodologias ativas. Habilidades no uso das ferramentas tecnológicas Google for Education. Cursos de aperfeiçoamento na área, Importante ter facilidade de acesso à região da Primavera Interlagos (estação de trem Primavera- Interlagos).;Colégio Certus ;; São Paulo, São Paulo, Brazil;;LinkedIn;;;Auxiliar de Classe
3 hours ago ;Irá atuar em colégio humanista, acompanhando os alunos em salas de aula, no intervalo, em atividades recreativas, prestam suporte ao professor para eventual necessidade, Participará do planejamento das atividades pedagógicas e ações junto aos estudantes. Sua atuação pode ocorrer em todos os segmentos, do infantil ao ensino médio. Formação: Superior cursando - Pedagogia, Licenciaturas e outros que englobam a área educacional. Experiência na área educacional, como Auxiliar de Classe. Formação: Superior cursando - Pedagogia, Licenciaturas e outros que englobam a área educacional. Diferencial: Conhecimentos sobre a BNCC e metodologias ativas. Habilidades no uso das ferramentas tecnológicas Google for Education. Cursos de aperfeiçoamento na área, Importante ter facilidade de acesso à região da Primavera Interlagos (estação de trem Primavera- Interlagos).;Colégio Certus ;; São Paulo, São Paulo, Brazil;;LinkedIn;;;Auxiliar de Classe
3 hours ago ;Irá atuar em colégio humanista, acompanhando os alunos em salas de aula, no intervalo, em atividades recreativas, prestam suporte ao professor para eventual necessidade, Participará do planejamento das atividades pedagógicas e ações junto aos estudantes. Sua atuação pode ocorrer em todos os segmentos, do infantil ao ensino médio. Formação: Superior cursando - Pedagogia, Licenciaturas e outros que englobam a área educacional. Experiência na área educacional, como Auxiliar de Classe. Formação: Superior cursando - Pedagogia, Licenciaturas e outros que englobam a área educacional. Diferencial: Conhecimentos sobre a BNCC e metodologias ativas. Habilidades no uso das ferramentas tecnológicas Google for Education. Cursos de aperfeiçoamento na área, Importante ter facilidade de acesso à região da Primavera Interlagos (estação de trem Primavera- Interlagos).;Colégio Certus ;; São Paulo, São Paulo, Brazil;;LinkedIn;;;Auxiliar de Classe
1 hour ago ;"VarejoLocalização




Área de atuação:




Fortaleza-CEAtribuições




Quais as responsabilidades do cargo?




Atendimento de Clientes através do padrão Grupo São Domingos;
Abastecimento de veículos;
Calibração de pneus;
Verificação nível de água e fluídos;
Trabalhar com caixas emitindo recibos, trocos e comprovantes;
Demais atividades inerentes a função.Requisitos:
O que buscamos?
Ensino médio completo;
Experiência com vendas e/ou atendimento;
Matemática básica;
Desejável experiência com caixa;
Disponibilidade de horário.Escolaridade mínima exigida:




Ensino Médio";Hospital São Domingos ;; Fortaleza, Ceará, Brazil;;LinkedIn;;;FRENTISTA - FORTALEZA
1 day ago ;"Ajudante de Expedição Home / Operacionais / Ajudante de Expedição Responsável pelo despacho de mercadorias, todo o processo de expedição de produtos, desde a sua separação e empacotamento, até o carregamento dos produtos para o transporte. Ensino Médio Completo Cursos na área Disponibilidade de horário Trabalhar e residir na região do ABC

Beneficios

Formação Acadêmica:

Não informado

Experiência

Salário:

A combinar

Cargo

Auxiliar de expedição

Empresa

Sj Empregos

Terceirização de mão-de-obra temporária e efetiva.

Ramo

Recursos Humanos/ Recrutamento e seleção";SJ Empregos ;; Brazil;;LinkedIn;;;Ajudante de Expedição
3 hours ago ;"1. Coordenar e executar as tarefas decorrentes dos encargos da Secretaria; 2. Organizar e manter em dia o protocolo, o arquivo escolar, O SERIE/ESCOLA e o registro de assentamento dos alunos, de forma a permitir, em qualquer época, a verificação da : a) Identidade e regularidade da vida escolar do aluno; b) Autenticidade dos documentos escolares. 3. Organizar e manter em dia a coletânea de leis, regulamentos, diretrizes, portarias, circulares, resoluções e demais documentos; 4. Redigir a correspondência que lhe for confiada, lavrar atas e termos, nos livros próprios; 5. Rever todo o expediente a ser submetido ao despacho do Diretor; 6. Elaborar relatórios e processos a serem encaminhados às autoridades superiores; 7. Apresentar ao Diretor, em tempo hábil, todos os documentos que devem ser assinados; 8. Coordenar e supervisionar as atividades referentes à matrícula, transferência, adaptação e conclusão de curso; 9. Zelar pelo uso adequado e conservação dos bens materiais distribuídos à Secretaria; 10. Manter sigilo sobre assuntos pertinentes ao serviço.; 11. Responder ao Censo Escolar Anual, seja de forma tradicional ( caderno ), digitalizada ( Projeto Presença ? PAC/MEC ) ou geração de arquivo digital em sistema de gestão escolar e envio para o Censo Escolar. 1.Organizar os arquivos com racionalidade, garantindo a segurança, a facilidade de acesso e o sigilo profissional. Ter atualizadas as coleções de leis, pareceres, decretos, regulamentos e resoluções, bem como as instruções ? circulares, portarias, avisos e despachos que digam respeito às atividades da escola. 2.Conservar o regimento da escola em local de fácil acesso a toda a comunidade escolar. Oferecer visibilidade às concepções pedagógicas, às normas e às diretrizes da escola. 3.Gerenciar os processos de matrícula e de transferência dos alunos, observando a transcrição fiel dos documentos originais ? documento legível sem rasuras e incorreções. 4.Examinar e prestar esclarecimentos aos órgãos do sistema de ensino, quando necessário, bem como, acompanhar e fornecer todas as informações necessárias a Supervisora da Diretoria de Ensino, quando se sua visita à unidade escolar. 5.Informar e preencher as informações do sistema PRODESP, GDAE e o EDUCACENSO, zelando pela fidedignidade das informações e pelo cumprimento dos prazos estabelecidos. 6.Lavrar atas de resultados finais e de outros processos de avaliação.";Colégio Raízes ;; Mogi das Cruzes, São Paulo, Brazil;;LinkedIn;;;Secretário Escolar
3 hours ago ;"1. Coordenar e executar as tarefas decorrentes dos encargos da Secretaria; 2. Organizar e manter em dia o protocolo, o arquivo escolar, O SERIE/ESCOLA e o registro de assentamento dos alunos, de forma a permitir, em qualquer época, a verificação da : a) Identidade e regularidade da vida escolar do aluno; b) Autenticidade dos documentos escolares. 3. Organizar e manter em dia a coletânea de leis, regulamentos, diretrizes, portarias, circulares, resoluções e demais documentos; 4. Redigir a correspondência que lhe for confiada, lavrar atas e termos, nos livros próprios; 5. Rever todo o expediente a ser submetido ao despacho do Diretor; 6. Elaborar relatórios e processos a serem encaminhados às autoridades superiores; 7. Apresentar ao Diretor, em tempo hábil, todos os documentos que devem ser assinados; 8. Coordenar e supervisionar as atividades referentes à matrícula, transferência, adaptação e conclusão de curso; 9. Zelar pelo uso adequado e conservação dos bens materiais distribuídos à Secretaria; 10. Manter sigilo sobre assuntos pertinentes ao serviço.; 11. Responder ao Censo Escolar Anual, seja de forma tradicional ( caderno ), digitalizada ( Projeto Presença ? PAC/MEC ) ou geração de arquivo digital em sistema de gestão escolar e envio para o Censo Escolar. 1.Organizar os arquivos com racionalidade, garantindo a segurança, a facilidade de acesso e o sigilo profissional. Ter atualizadas as coleções de leis, pareceres, decretos, regulamentos e resoluções, bem como as instruções ? circulares, portarias, avisos e despachos que digam respeito às atividades da escola. 2.Conservar o regimento da escola em local de fácil acesso a toda a comunidade escolar. Oferecer visibilidade às concepções pedagógicas, às normas e às diretrizes da escola. 3.Gerenciar os processos de matrícula e de transferência dos alunos, observando a transcrição fiel dos documentos originais ? documento legível sem rasuras e incorreções. 4.Examinar e prestar esclarecimentos aos órgãos do sistema de ensino, quando necessário, bem como, acompanhar e fornecer todas as informações necessárias a Supervisora da Diretoria de Ensino, quando se sua visita à unidade escolar. 5.Informar e preencher as informações do sistema PRODESP, GDAE e o EDUCACENSO, zelando pela fidedignidade das informações e pelo cumprimento dos prazos estabelecidos. 6.Lavrar atas de resultados finais e de outros processos de avaliação.";Colégio Raízes ;; Mogi das Cruzes, São Paulo, Brazil;;LinkedIn;;;Secretário Escolar
20 hours ago ;"Aqui somos feitos de valores e, para nós, o cooperativismo é mais que um modelo de negócios: é estabelecer relações com a comunidade a qual estamos inseridos buscando as melhores oportunidades para todos.

O setor de Operações e Tecnologia, localizado no Centro Administrativo em Chapecó(SC), está buscando profissional para fazer parte do time.

O nosso propósito é ""Conectar pessoas, para transformar vidas e promover prosperidade"". Você se identifica com ele, com o modelo de negócio do cooperativismo e ama trabalhar com pessoas? Então essa oportunidade é para você! :)

Venha fazer parte!

Responsabilidades e atribuições

Prestar suporte de TI ao usuário via telefone, sistema web e chamado;
Aprimorar a experiencia do usuário com foco na rápida resolução dos problemas;
Prestar suporte em sistemas internos e externos;
Fazer análise técnica de hardware e software, detectar falhas, instalar e configurar aplicativos;
Auxiliar a equipe de suporte em demais rotinas da área;
Aprender e se desenvolver na área de suporte ao usuário;
Controle e gestão de usuários;
Criação de procedimentos e documentação de processos.


Requisitos e qualificações

Residir em Chapecó (SC) ou cidades próximas;
Graduação completa ou em andamento nos cursos de Tecnologia da Informação, Ciência da Computação ou áreas afins;
Conhecimentos em sistemas operacionais Microsoft Windows e Windows Server;
Conhecimento básico em Redes de Computadores;
Conhecimento do Pacote Office 365 e serviços Windows;
Conhecimento em montagem e manutenção de hardware de computadores;
Desejável experiência com a área de Suporte.


Informações adicionais

Benefícios

Vale transporte;
Vale alimentação;
Plano de saúde e odontológico;
PPR;
Previdência privada;
Anuênio;
Auxílio educação;
Auxílio infantil;
Treinamentos Regulares.";Sicoob MaxiCrédito ;; Chapecó, Santa Catarina, Brazil;;LinkedIn;;;Assistente de Suporte
2 hours ago ;"Somos a Rede Casa um dos maiores operadores médicos hospitalares independentes do estado do Rio de Janeiro. O ACOLHIMENTO COMO NOSSO JEITO DE CUIDAR está entre os nossos principais valores.




Estamos em busca de um profissional para atuar como Recepcionista que seja organizado, que tenha uma comunicação assertiva e goste de lidar com público.




Suas principais atividades serão:




Prestar atendimento acolhedor ao paciente;
Registrar o atendimento no sistema;
Realizar atualização cadastral no ato do atendimento;
Solicitar autorização de senhas para consultas em pronto socorro;
Prestar atendimento ao paciente e tirar dúvidas quanto a sua posição para atendimento;
Solicitar autorização de senhas para Internações de emergência;
Encaminhar a ficha de atendimento ao local destinado para abordagem médica e de enfermagem;
Prestar Atendimento telefônico a clientes internos e externos de forma cordial e gentil;
Realizar cobrança de valores particulares e emissão de notas fiscais quando houver;
Realizar a Pré Internação 24 horas antes do procedimento cirúrgico agendado, por meio de contato telefônico;
Realizar a conferência do processo autorizado (entregue pelo setor de autorização/OPME);
Confecção das pastas para prontuário dos pacientes cirúrgicos eletivos;
Informar sobre o fluxo de internação dos pacientes cirúrgicos e sobre valores adicionais que possam ser cobrados.
Realizar o gerenciamento de leitos do hospital;
Realizar o censo diário para enviar a diretoria;
Registrar alta hospitalar em sistema;
Registrar alta hospitalar no site da operadora;
Monitorar as vagas cedidas e a chegada da ambulância a Unidade;
Responsável pelo recebimento do pedido médico e definição de leito para internações provenientes da emergência;
Responsável por monitorar o painel de leitos da Unidade, atualizando e mantendo link ativo com a Central de Vagas Unificada;




Esperamos que você tenha:




Disponibilidade total para início imediato;
Ensino médio completo;
Conhecimento em Pacote Office;
Desejável curso de atendimento ao público;
Diferencial experiência em oftalmologia;




Conheça os benefícios que oferecemos para você:




Vale Transporte;
Refeição no Local;
Convênio Médico ;
Convênio Odontológico;




Horário de trabalho




Escala 12x36 diurna e noturna.




Se identificou? Venha fazer parte da nossa Oftalmocasa!!";Rede Hospital Casa ;; Rio de Janeiro, Rio de Janeiro, Brazil;;LinkedIn;;;RECEPCIONISTA - OFTALMOCASA - CLT -BARRA DA TIJUCA/RJ
11 hours ago ;"Detalhes da vaga




Requisitos




Desejável Ensino Superior Completo;
Domínio do Pacote Office (Excel, Power Point e Word);
Experiência em gestão de equipe.




Atividades




Atuar como líder de atendimento acompanhando indicadores de produtividade e resultados e desempenho diários, semanais e quinzenais, TMA, controle de frequência, absenteísmo e pontualidade, com o objetivo de garantir o atingimento das metas estabelecidas;
Promover continuamente a capacitação técnica dos colaboradores, administrando conflitos, promovendo ações disciplinares e o bom relacionamento interpessoal, acompanhando diariamente o trabalho da equipe, buscando garantir através de monitorias, feedback, avaliação de desempenho e reuniões periódicas, a produtividade e o desenvolvimento profissional do colaborador;
Acompanhar as funcionalidades e desempenho das ferramentas de produção, identificando e acionando o solucionador e monitorando até a solução definitiva.




Outras Informações




Local de trabalho: Centro - RJ
Escala de trabalho: 2° A 5° 09H ÁS 19H/ 6° 09H ÁS 18H;
Disponibilidade para treinamento";Rede D'Or São Luiz ;; Rio de Janeiro, Rio de Janeiro, Brazil;;LinkedIn;;;Líder de Atendimento - Central de Atendimento - Corporativo/RJ
11 hours ago ;"Detalhes da vaga




Requisitos




Desejável Ensino Superior Completo;
Domínio do Pacote Office (Excel, Power Point e Word);
Experiência em gestão de equipe.




Atividades




Atuar como líder de atendimento acompanhando indicadores de produtividade e resultados e desempenho diários, semanais e quinzenais, TMA, controle de frequência, absenteísmo e pontualidade, com o objetivo de garantir o atingimento das metas estabelecidas;
Promover continuamente a capacitação técnica dos colaboradores, administrando conflitos, promovendo ações disciplinares e o bom relacionamento interpessoal, acompanhando diariamente o trabalho da equipe, buscando garantir através de monitorias, feedback, avaliação de desempenho e reuniões periódicas, a produtividade e o desenvolvimento profissional do colaborador;
Acompanhar as funcionalidades e desempenho das ferramentas de produção, identificando e acionando o solucionador e monitorando até a solução definitiva.




Outras Informações




Local de trabalho: Centro - RJ
Escala de trabalho: 2° A 5° 09H ÁS 19H/ 6° 09H ÁS 18H;
Disponibilidade para treinamento";Rede D'Or São Luiz ;; Rio de Janeiro, Rio de Janeiro, Brazil;;LinkedIn;;;Líder de Atendimento - Central de Atendimento - Corporativo/RJ
11 hours ago ;"Detalhes da vaga




Requisitos




Desejável Ensino Superior Completo;
Domínio do Pacote Office (Excel, Power Point e Word);
Experiência em gestão de equipe.




Atividades




Atuar como líder de atendimento acompanhando indicadores de produtividade e resultados e desempenho diários, semanais e quinzenais, TMA, controle de frequência, absenteísmo e pontualidade, com o objetivo de garantir o atingimento das metas estabelecidas;
Promover continuamente a capacitação técnica dos colaboradores, administrando conflitos, promovendo ações disciplinares e o bom relacionamento interpessoal, acompanhando diariamente o trabalho da equipe, buscando garantir através de monitorias, feedback, avaliação de desempenho e reuniões periódicas, a produtividade e o desenvolvimento profissional do colaborador;
Acompanhar as funcionalidades e desempenho das ferramentas de produção, identificando e acionando o solucionador e monitorando até a solução definitiva.




Outras Informações




Local de trabalho: Centro - RJ
Escala de trabalho: 2° A 5° 09H ÁS 19H/ 6° 09H ÁS 18H;
Disponibilidade para treinamento";Rede D'Or São Luiz ;; Rio de Janeiro, Rio de Janeiro, Brazil;;LinkedIn;;;Líder de Atendimento - Central de Atendimento - Corporativo/RJ
1 day ago ;"Recebimento, conferência e verificação de validades dos produtos, Controlar avarias e perdas, organizar estoques, realizar balanços e inventários. Gerar relatórios, verificar operações de entrada e saída. Ensino médio completo Experiência com controle de estoque e conferência de NF no ramo alimentício.

Beneficios

Formação Acadêmica:

Não informado

Experiência

Salário:

A combinar

Cargo

Estoquista

Empresa

Gran Nutriz

Administração de cozinhas industriais.

Ramo

Restaurante/ Fast Food";Gran Nutriz ;; Jaboatão dos Guararapes, Pernambuco, Brazil;;LinkedIn;;;Estoquista
11 hours ago ;"Detalhes da vaga




Requisitos




Ensino Médio Completo;
Desejável vivência na área;
Conhecimento Pacote Office básico.




Atividades




Assegurar que o recebimento e manuseio de materiais e equipamentos cirúrgicos dos fornecedores estejam dentro da conformidade, integrando-os ao estoque e posterior envio ao setor requisitante, bem como garantir a devolução dos mesmos em perfeito estado de conservação aos fornecedores;
Verificar diariamente os níveis de temperatura de ambiente a fim de assegurar que os itens estejam em conformidade e seguros para utilização, registrando e sinalizando os responsáveis sobre qualquer divergência encontrada;
Cumprir efetivamente com a dispensação e envio de materiais e medicamentos, conforme requerimento, aos diversos setores do hospital, a fim de atender a demanda com eficiência;
Identificar possíveis itens que poderão zerar no físico, no momento da dispensação, sinalizando no quadro Kanban o espelho de idenficação de cor branca, a fim de garantir maior eficácia nas análises;
Organizar e conferir o estoque de materiais e produtos, bem como realizar o reabastecimento desses itens em local apropriado, a fim de garantir a armazenagem correta dos itens, gerando saldo para a dispensação imediata;
Realizar análise, conferência, armazenagem e movimentação de material do estoque;
Receber, conferir e organizar os materiais e medicamentos entregues pelos fornecedores, assegurando a conformidade dos itens e devidamente armazenados no setor;
Cumprir efetivamente com preenchimento do check list (possíveis divergências notas fiscais e ordem compra), garantindo a veracidade das informações que serão lançadas no sistema;
Fracionar e/ou unitarizar os medicamentos selecionáveis, por meio de processo padronizado;
Entregar os pedidos e produtos contratualizados e/ou urgentes para os setores assistenciais, por meio de calendário de prazos padrão;
Registrar as temperaturas nos ambientes climatizados, e executar PDA se necessário, por meio de processos padronizados.




Outras Informações




Local de Trabalho: Copacabana/RJ.
Escala de Trabalho: (5x2) 2ª feira a 5ª feira das 8h às 18h / 6ª feira 8h às 17h;
Disponibilidade para treinamento.";Rede D'Or São Luiz ;; Rio de Janeiro, Rio de Janeiro, Brazil;;LinkedIn;;;Auxiliar Suprimentos - Almoxarifado - Copa D'Or (1 vaga)
5 hours ago ;"Descrição

Assistente Financeiro - Contas à receber

Atividades

Conferência e fechamento de cartões;
CI de estorno e cancelamentos;
RN412;
Envio de retorno de Remessas de Faturamento;
Conferência de relatórios de notas implantadas com boletos registrados;
Criar lotes de pagamentos de fornecedores, prestadores, cooperados e impostos.

Ambiente

A Unimed Nordeste é uma cooperativa de médicos que tem como missão assegurar a satisfação dos clientes pela promoção da saúde e prevenção de doenças, com soluções fundamentadas nos princípios cooperativistas, com crescimento sustentável e valorização do trabalho médico

Somos uma marca que fala de saúde, que fala de proteção, que fala com as pessoas

Temos vocação para cuidar das pessoas

Desenvolver ações mercadológicas e estratégicas junto a carteira de pessoa física, com intuito de fidelizar e reter estes clientes, visando também elevar o número de beneficiários desta carteira

Engajar equipe para obtenção dos resultados, melhores indices de desempenho e performance

Ser agente de mudança e facilitar o dia a dia da equipe na solução de problemas, assumindo todo o processo de retenção do cliente, do início ao fim, entregando a solução para o cliente

Benefícios

Plano de Saúde;

Plano odontológico;

Vale Alimentação

Vale Transporte

Auxílio Educação.

Categoria

Administrativo";Unimed Nordeste RS ;; Caxias do Sul, Rio Grande do Sul, Brazil;;LinkedIn;;;Assistente Financeiro (Contas à receber)
5 hours ago ;"Descrição

Assistente Financeiro - Contas à receber

Atividades

Conferência e fechamento de cartões;
CI de estorno e cancelamentos;
RN412;
Envio de retorno de Remessas de Faturamento;
Conferência de relatórios de notas implantadas com boletos registrados;
Criar lotes de pagamentos de fornecedores, prestadores, cooperados e impostos.

Ambiente

A Unimed Nordeste é uma cooperativa de médicos que tem como missão assegurar a satisfação dos clientes pela promoção da saúde e prevenção de doenças, com soluções fundamentadas nos princípios cooperativistas, com crescimento sustentável e valorização do trabalho médico

Somos uma marca que fala de saúde, que fala de proteção, que fala com as pessoas

Temos vocação para cuidar das pessoas

Desenvolver ações mercadológicas e estratégicas junto a carteira de pessoa física, com intuito de fidelizar e reter estes clientes, visando também elevar o número de beneficiários desta carteira

Engajar equipe para obtenção dos resultados, melhores indices de desempenho e performance

Ser agente de mudança e facilitar o dia a dia da equipe na solução de problemas, assumindo todo o processo de retenção do cliente, do início ao fim, entregando a solução para o cliente

Benefícios

Plano de Saúde;

Plano odontológico;

Vale Alimentação

Vale Transporte

Auxílio Educação.

Categoria

Administrativo";Unimed Nordeste RS ;; Caxias do Sul, Rio Grande do Sul, Brazil;;LinkedIn;;;Assistente Financeiro (Contas à receber)
5 hours ago ;"Descrição

Assistente Financeiro - Contas à receber

Atividades

Conferência e fechamento de cartões;
CI de estorno e cancelamentos;
RN412;
Envio de retorno de Remessas de Faturamento;
Conferência de relatórios de notas implantadas com boletos registrados;
Criar lotes de pagamentos de fornecedores, prestadores, cooperados e impostos.

Ambiente

A Unimed Nordeste é uma cooperativa de médicos que tem como missão assegurar a satisfação dos clientes pela promoção da saúde e prevenção de doenças, com soluções fundamentadas nos princípios cooperativistas, com crescimento sustentável e valorização do trabalho médico

Somos uma marca que fala de saúde, que fala de proteção, que fala com as pessoas

Temos vocação para cuidar das pessoas

Desenvolver ações mercadológicas e estratégicas junto a carteira de pessoa física, com intuito de fidelizar e reter estes clientes, visando também elevar o número de beneficiários desta carteira

Engajar equipe para obtenção dos resultados, melhores indices de desempenho e performance

Ser agente de mudança e facilitar o dia a dia da equipe na solução de problemas, assumindo todo o processo de retenção do cliente, do início ao fim, entregando a solução para o cliente

Benefícios

Plano de Saúde;

Plano odontológico;

Vale Alimentação

Vale Transporte

Auxílio Educação.

Categoria

Administrativo";Unimed Nordeste RS ;; Caxias do Sul, Rio Grande do Sul, Brazil;;LinkedIn;;;Assistente Financeiro (Contas à receber)
20 hours ago ;"Faça parte da nossa equipe!

Confira abaixo as informações da vaga.

Responsabilidades e atribuições

Realizar atendimento aos usuários da Biblioteca;
Realizar empréstimos e devoluções de livros e chaves dos escaninhos;
Realizar envio e recebimento de malotes entre as bibliotecas;
Orientar os usuários nas pesquisas, reservas, renovações e malotes através de sistema;
Realizar controle de pagamentos e multas em planilhas, sobre empréstimos de livros.
Realizar demais atividades da área de Biblioteca, compatíveis com a função.


Requisitos e qualificações

Ensino médio completo;
Pacote Office - Intermediário;
Desejável experiência anterior com atividades administrativas e atendimento ao público;
Disponibilidade para atuar de Segunda à Sexta de 15h45 às 22h.


Informações adicionais

Conheça nossos benefícios:

Vale Transporte
Plano de Saúde
Plano Odontológico
Seguro de Vida
Convênio Farmácia
Bolsa de Estudos";Centro Universitário Newton Paiva ;; Belo Horizonte, Minas Gerais, Brazil;;LinkedIn;;;[NEWTON PAIVA] Auxiliar Administrativo - Biblioteca
14 hours ago ;"Nossa equipe, conta com a importante atuação dos nossos controladores de acesso, pois o mesmo tem papel fundamental na loja, visto que é responsável pelo suporte da segurança dos colaboradores, prestando suporte aos gerentes e aos diretores da loja.

Buscamos pessoas que compartilhem dos nossos valores e desejem, fortemente, se desenvolver e crescer conosco!

Se identificou?

Vem fazer parte da nossa família!

Responsabilidades e atribuições

Entre as suas atividades, estão:

Fiscalizar e guardar o patrimônio;
Controlar o fluxo de entrada e saída de colaboradores, prestadores e fornecedores da loja;
Realiza a comunicação das anormalidades e tomando as providências cabíveis;
Garante a segurança do local.


Requisitos e qualificações

Ensino médio completo;
Vivência nas atividades.";Coco Bambu Restaurante ;; Fortaleza, Ceará, Brazil;;LinkedIn;;;Porteiro
14 hours ago ;"Funções:




Atendimento presencial e ao telefone;
Preenchimento de cadastros e agendamento no Sistema;
Realizar Prospecção e Captação de novos telefones via contato telefônico, WhatsApp e redes sociais;




Requisitos:




Boa comunicação e escrita;
Ser dinâmica, comunicativa e carismática;
Informática básica;
Facilidade com sistemas;
Preferencial ter experiência na área de telemarketing e agendamentos.";Oral Unic ;; Mauá, São Paulo, Brazil;;LinkedIn;;;Recepcionista/Captação - Mauá
14 hours ago ;"Funções:




Atendimento presencial e ao telefone;
Preenchimento de cadastros e agendamento no Sistema;
Realizar Prospecção e Captação de novos telefones via contato telefônico, WhatsApp e redes sociais;




Requisitos:




Boa comunicação e escrita;
Ser dinâmica, comunicativa e carismática;
Informática básica;
Facilidade com sistemas;
Preferencial ter experiência na área de telemarketing e agendamentos.";Oral Unic ;; Mauá, São Paulo, Brazil;;LinkedIn;;;Recepcionista/Captação - Mauá
14 hours ago ;"Funções:




Atendimento presencial e ao telefone;
Preenchimento de cadastros e agendamento no Sistema;
Realizar Prospecção e Captação de novos telefones via contato telefônico, WhatsApp e redes sociais;




Requisitos:




Boa comunicação e escrita;
Ser dinâmica, comunicativa e carismática;
Informática básica;
Facilidade com sistemas;
Preferencial ter experiência na área de telemarketing e agendamentos.";Oral Unic ;; Mauá, São Paulo, Brazil;;LinkedIn;;;Recepcionista/Captação - Mauá
3 hours ago ;"Vaga de ATENDENTE DE LOJA - AEROPORTO FORTALEZA em Ceará. A combinar. Período Integral. Efetivo – CLT Área e especialização profissional: Alimentação / Gastronomia - Lanchonete, Fast Food, Cafeteria Nível hierárquico: Auxiliar Número de vagas: 3 Local de trabalho: Fortaleza, CE Regime de contratação de tipo Efetivo – CLT Jornada Período Integral Elaborar e auxiliar na produção de lanches e ou similares de acordo com os padrões da marca.

Desempenhar todas as tarefas de Atendente e Caixa de forma a dar consistência aos Padrões da Marca.

Garantir a limpeza e organização da unidade para assegurar as Boas Práticas.

Demonstrar comprometimento com o seu trabalho e sua equipe. Benefícios adicionais: Seguro de Vida, Vale-alimentação, Vale-refeição, Vale-transporte";Casa do Pão de Queijo ;; Fortaleza, Ceará, Brazil;;LinkedIn;;;ATENDENTE DE LOJA - AEROPORTO FORTALEZA
14 hours ago ;"Estamos com uma oportunidade para PORTEIRO para atuar na sede da empresa, em Viana. É necessário ter curso de portaria e experiência na função.

Responsabilidades e atribuições

Zelar pela guarda do Patrimônio;
Exercer a vigilância da empresa;
Controlar a entrada e saída de funcionários nas dependências da empresa;
Controlar a entrada e saída de cargas nas dependências da empresa;
Inspecionar a entrada de pessoas estranhas e outras anormalidades;
Controlar o fluxo de pessoas eu entram e saem nas dependências da empresa, identificando, orientando e encaminhando para o lugar desejado;
Anotar o número de identidade (RG) e placa do veículo de pessoas que adentrem a empresa e não sejam cadastradas;
Entregar cartão de identificação para pessoas não cadastradas;
Verificar quilometragem dos veículos terceirizados que fazem carregamento na empresa.


Requisitos e qualificações

Ensino Fundamental completo
Residir na Grande Vitória/ES
Curso de porteiro (com certificação)
Experiência comprovada em carteira na função.


Informações adicionais

Ticket Alimentação
Vale Transporte
Seguro de Vida
Plano de saúde- SAMP
Segunda a Sexta 07:00 às 17:00 hrs";Elson's Distribuidora ;; Viana, Espírito Santo, Brazil;;LinkedIn;;;PORTEIRO
11 hours ago ;"Detalhes da vaga




Requisitos




Ensino Médio Completo;
Desejável vivência na área;
Desejável conhecimento Pacote Office Básico.




Atividades




Cumprir efetivamente com o recebimento e conferência dos materiais e medicamentos entregues pelos fornecedores, além de efetuar avaliação da consistência dos documentos fiscais com base nas ordens de compras, a fim de assegurar que os itens estejam em conformidade, para posterior organização em deus devidos locais de armazenamento;
Responsabilizar-se pela emissão de materiais, conforme requerimento dos diversos setores do Hospital, bem como pelo recebimento dos insumos devolvidos, de modo a realizar a conferência das conformidades desses itens, a fim de atender às necessidades dos requisitantes com qualidade e agilidade;
Garantir a reposição dos estoques nos Almoxarifados Satélites, através da análise do relatório emitido pelo sistema próprio, bem como cumprir com todos os procedimentos específicos, de forma a assegurar que esses itens estejam no padrão de segurança para utilização;
Procedimentos específicos: Verificar as especificidades quanto a estocagem, temperatura e validade dos insumos.




Outras Informações




Local de Trabalho: Cascadura/RJ.
Escala de Trabalho: (12x36) 19h às 7h;




(5x2) 2a feira a 5a feira 8h às 18h / 6a feira 8h às 17h;




Disponibilidade para treinamento.";Rede D'Or São Luiz ;; Rio de Janeiro, Rio de Janeiro, Brazil;;LinkedIn;;;Auxiliar Suprimentos - Almoxarifado - Norte D'Or (1 vaga)
11 hours ago ;"Detalhes da vaga




Requisitos




Ensino Médio Completo;
Desejável vivência na área;
Desejável conhecimento Pacote Office Básico.




Atividades




Cumprir efetivamente com o recebimento e conferência dos materiais e medicamentos entregues pelos fornecedores, além de efetuar avaliação da consistência dos documentos fiscais com base nas ordens de compras, a fim de assegurar que os itens estejam em conformidade, para posterior organização em deus devidos locais de armazenamento;
Responsabilizar-se pela emissão de materiais, conforme requerimento dos diversos setores do Hospital, bem como pelo recebimento dos insumos devolvidos, de modo a realizar a conferência das conformidades desses itens, a fim de atender às necessidades dos requisitantes com qualidade e agilidade;
Garantir a reposição dos estoques nos Almoxarifados Satélites, através da análise do relatório emitido pelo sistema próprio, bem como cumprir com todos os procedimentos específicos, de forma a assegurar que esses itens estejam no padrão de segurança para utilização;
Procedimentos específicos: Verificar as especificidades quanto a estocagem, temperatura e validade dos insumos.




Outras Informações




Local de Trabalho: Cascadura/RJ.
Escala de Trabalho: (12x36) 19h às 7h;




(5x2) 2a feira a 5a feira 8h às 18h / 6a feira 8h às 17h;




Disponibilidade para treinamento.";Rede D'Or São Luiz ;; Rio de Janeiro, Rio de Janeiro, Brazil;;LinkedIn;;;Auxiliar Suprimentos - Almoxarifado - Norte D'Or (1 vaga)
11 hours ago ;"Detalhes da vaga




Requisitos




Ensino Médio Completo;
Desejável vivência na área;
Desejável conhecimento Pacote Office Básico.




Atividades




Cumprir efetivamente com o recebimento e conferência dos materiais e medicamentos entregues pelos fornecedores, além de efetuar avaliação da consistência dos documentos fiscais com base nas ordens de compras, a fim de assegurar que os itens estejam em conformidade, para posterior organização em deus devidos locais de armazenamento;
Responsabilizar-se pela emissão de materiais, conforme requerimento dos diversos setores do Hospital, bem como pelo recebimento dos insumos devolvidos, de modo a realizar a conferência das conformidades desses itens, a fim de atender às necessidades dos requisitantes com qualidade e agilidade;
Garantir a reposição dos estoques nos Almoxarifados Satélites, através da análise do relatório emitido pelo sistema próprio, bem como cumprir com todos os procedimentos específicos, de forma a assegurar que esses itens estejam no padrão de segurança para utilização;
Procedimentos específicos: Verificar as especificidades quanto a estocagem, temperatura e validade dos insumos.




Outras Informações




Local de Trabalho: Cascadura/RJ.
Escala de Trabalho: (12x36) 19h às 7h;




(5x2) 2a feira a 5a feira 8h às 18h / 6a feira 8h às 17h;




Disponibilidade para treinamento.";Rede D'Or São Luiz ;; Rio de Janeiro, Rio de Janeiro, Brazil;;LinkedIn;;;Auxiliar Suprimentos - Almoxarifado - Norte D'Or (1 vaga)
22 hours ago ;"Somos Consultoria de tecnologia para CX na área de Marketing Digital, procuramos um talento para trabalhar em um RH Ágil, com foco em atração de talentos e seleção para o grupo e clientes, por isso deve gostar de aprender ferramentas de ATS e outras que abarcam o dia a dia no dinamismo do dia a dia.




Missão: Apoiar na captação de talentos para o grupo e para clientes da CXSAPIENS.




Graduação completa ou em andamento em gestão de recursos humanos, administração ou similares;
Imprescindível saber cultivar bons relacionamentos e ter boa dicção;
Excel Intermediário.




Vale Refeição + Vale transporte + Seguro de vida + Day of de Aniversário + Ambiente de Startup + Convênio Médico e Odontológico + Academia/Gympass.";CX Sapiens ;; São Paulo, São Paulo, Brazil;;LinkedIn;;;Auxiliar de Recrutamento e Seleção
22 hours ago ;"Somos Consultoria de tecnologia para CX na área de Marketing Digital, procuramos um talento para trabalhar em um RH Ágil, com foco em atração de talentos e seleção para o grupo e clientes, por isso deve gostar de aprender ferramentas de ATS e outras que abarcam o dia a dia no dinamismo do dia a dia.




Missão: Apoiar na captação de talentos para o grupo e para clientes da CXSAPIENS.




Graduação completa ou em andamento em gestão de recursos humanos, administração ou similares;
Imprescindível saber cultivar bons relacionamentos e ter boa dicção;
Excel Intermediário.




Vale Refeição + Vale transporte + Seguro de vida + Day of de Aniversário + Ambiente de Startup + Convênio Médico e Odontológico + Academia/Gympass.";CX Sapiens ;; São Paulo, São Paulo, Brazil;;LinkedIn;;;Auxiliar de Recrutamento e Seleção
8 hours ago ;"Buscamos pessoas organizadas, proativas, com facilidade em trabalho em equipe e vivência em rotinas financeiras.




Será considerado diferencial o conhecimento do sistema Conexa e vivência em Coworking.




Atividades:




Processo de cobrança;
Emissão de boletos para clientes;
Controle de inadimplência;
Lançamento de notas;
Conferência e retenção de impostos;
Emissão de guias para recolhimento;
Controle de caixa pequeno;
Controle de documentos e demais atividades inerentes ao cargo.




Requisitos:




Conhecimento avançado do pacote Office;
Graduação em Administração, Ciências Contábeis ou áreas afins ( pode estar em andamento).




Benefícios:




Assistência médica;
Assistência odontológica;
Vale Refeição;
Vale transporte;
Seguro de vida em grupo;
Parceria com Sesc e outras empresas parceiras.




Horário: Segunda a sexta de 8h às 17:48h";Engepred ;; Rio de Janeiro, Rio de Janeiro, Brazil;;LinkedIn;;;ASSISTENTE FINANCEIRO
7 hours ago ;"Job Description




ABC BRASIL E O JOVEM TALENTO




O Banco ABC Brasil é um banco múltiplo e moderno, com expertise e solidez, construídas em seus mais de 30 anos de história no Brasil, que proporciona soluções completas para empresas de diferentes tamanhos e segmentos, nacionais e internacionais.




Com profissionais altamente qualificados, que movimentam produtos e serviços sofisticados, o nosso objetivo é consolidar as melhores soluções e os melhores resultados para as empresas clientes.




O Jovem Talento é reconhecido aqui como uma peça importante para nossas entregas, com um programa de entrada que permite ao jovem conhecer a fundo sua área de atuação e, paralelamente, desenvolver-se com seus trabalhos práticos, por meio da rede interna de relacionamentos e por meio de uma plataforma de aprendizagem robusta, disponível integralmente ao jovem com conteúdos técnicos e comportamentais.




VEM SER ABC BRASIL!




Responsibilities and assignments




O Programa Jovens Talentos do Banco ABC Brasil tem como propósito identificar potenciais talentos que agregem valor para a renovação de nossa estrutura interna, bem como, proporcionar ao jovem uma experiência de desenvolvimento e profissional única.




O ABC Brasil Estruturou o Programa Em 04 Etapas




Você tem objetivo claro, desenhado com seu gestor, você sabe o que é esperado de você;
Os feedbacks são contínuos, o que facilita seu direcionamento;
Aprendizagem e Desenvolvimento contínuo apoiado por uma área de Educação Corporativa e programas exclusivos.
Avaliação e Acompanhamento baseado no que há de mais atual na avaliação dos profissionais do futuro, as competências do futuro*.




Competência do Futuro: Adaptabilidade e Flexibilidade; Comunicação; Tolerância ao Stress e Resiliência; Capacidade para Aprendizagem Ativa; e, Capacidade para Resolução de Problemas Complexos.




Fonte: World Economic Forum 2020




Requirements And Qualifications




Nosso programa de talentos do Banco ABC Brasil fornece a possibilidade de desenvolver, capacitar, preparar e estimular os jovens para as suas carreiras profissionais dentro do Banco ABC e para o mundo corporativo como um todo.




Aqui No ABC Você Tem Possibilidade De Efetivação, Com Acesso Completo a Um Modelo De Aprendizagem e Desenvolvimento Exclusivo Que Contempla




Plataforma digital moderna e com acesso ilimitado (treinamentos comportamentais e técnicos);




Mentoria de Jovens;




Treinamentos e Workshops exclusivos;




Webinars;




Feedbacks contínuos;




e muito mais.




Tudo para tornar seu estágio realmente relevante para sua carreira!




Quem somos




Somos um banco múltiplo, especializado na concessão de crédito e serviços para empresas de médio e grande porte, sendo um dos únicos no país com suporte de um controlador internacional combinado a uma forte autonomia de gestão local.




Com amplo portfólio de produtos, há mais de 30 anos auxiliamos os clientes a encontrar as melhores soluções para os seus negócios.




Listado desde 2007 no Nível 2 de governança corporativa da B3, recentemente expandimos nossa atuação também para as áreas de Comercialização de Energia e Corretagem de Seguros.




Temos como foco a nossa evolução contínua. Para isso, valorizamos profissionais que desejam ser protagonistas de suas carreiras.




Buscamos oferecer aos nossos colaboradores um ambiente cheio de oportunidades de desenvolvimento, onde prezamos por relações colaborativas e abertura para falar e ser ouvido.




Junte-se a nós e tenha a chance de colaborar com ideias e ações para descobrir maneiras únicas de ultrapassar os limites do mercado.";Banco ABC Brasil ;; São Paulo, São Paulo, Brazil;;LinkedIn;;;Programa de Estágio Banco ABC - Jovens Talentos
7 hours ago ;"Job Description




ABC BRASIL E O JOVEM TALENTO




O Banco ABC Brasil é um banco múltiplo e moderno, com expertise e solidez, construídas em seus mais de 30 anos de história no Brasil, que proporciona soluções completas para empresas de diferentes tamanhos e segmentos, nacionais e internacionais.




Com profissionais altamente qualificados, que movimentam produtos e serviços sofisticados, o nosso objetivo é consolidar as melhores soluções e os melhores resultados para as empresas clientes.




O Jovem Talento é reconhecido aqui como uma peça importante para nossas entregas, com um programa de entrada que permite ao jovem conhecer a fundo sua área de atuação e, paralelamente, desenvolver-se com seus trabalhos práticos, por meio da rede interna de relacionamentos e por meio de uma plataforma de aprendizagem robusta, disponível integralmente ao jovem com conteúdos técnicos e comportamentais.




VEM SER ABC BRASIL!




Responsibilities and assignments




O Programa Jovens Talentos do Banco ABC Brasil tem como propósito identificar potenciais talentos que agregem valor para a renovação de nossa estrutura interna, bem como, proporcionar ao jovem uma experiência de desenvolvimento e profissional única.




O ABC Brasil Estruturou o Programa Em 04 Etapas




Você tem objetivo claro, desenhado com seu gestor, você sabe o que é esperado de você;
Os feedbacks são contínuos, o que facilita seu direcionamento;
Aprendizagem e Desenvolvimento contínuo apoiado por uma área de Educação Corporativa e programas exclusivos.
Avaliação e Acompanhamento baseado no que há de mais atual na avaliação dos profissionais do futuro, as competências do futuro*.




Competência do Futuro: Adaptabilidade e Flexibilidade; Comunicação; Tolerância ao Stress e Resiliência; Capacidade para Aprendizagem Ativa; e, Capacidade para Resolução de Problemas Complexos.




Fonte: World Economic Forum 2020




Requirements And Qualifications




Nosso programa de talentos do Banco ABC Brasil fornece a possibilidade de desenvolver, capacitar, preparar e estimular os jovens para as suas carreiras profissionais dentro do Banco ABC e para o mundo corporativo como um todo.




Aqui No ABC Você Tem Possibilidade De Efetivação, Com Acesso Completo a Um Modelo De Aprendizagem e Desenvolvimento Exclusivo Que Contempla




Plataforma digital moderna e com acesso ilimitado (treinamentos comportamentais e técnicos);




Mentoria de Jovens;




Treinamentos e Workshops exclusivos;




Webinars;




Feedbacks contínuos;




e muito mais.




Tudo para tornar seu estágio realmente relevante para sua carreira!




Quem somos




Somos um banco múltiplo, especializado na concessão de crédito e serviços para empresas de médio e grande porte, sendo um dos únicos no país com suporte de um controlador internacional combinado a uma forte autonomia de gestão local.




Com amplo portfólio de produtos, há mais de 30 anos auxiliamos os clientes a encontrar as melhores soluções para os seus negócios.




Listado desde 2007 no Nível 2 de governança corporativa da B3, recentemente expandimos nossa atuação também para as áreas de Comercialização de Energia e Corretagem de Seguros.




Temos como foco a nossa evolução contínua. Para isso, valorizamos profissionais que desejam ser protagonistas de suas carreiras.




Buscamos oferecer aos nossos colaboradores um ambiente cheio de oportunidades de desenvolvimento, onde prezamos por relações colaborativas e abertura para falar e ser ouvido.




Junte-se a nós e tenha a chance de colaborar com ideias e ações para descobrir maneiras únicas de ultrapassar os limites do mercado.";Banco ABC Brasil ;; São Paulo, São Paulo, Brazil;;LinkedIn;;;Programa de Estágio Banco ABC - Jovens Talentos
3 hours ago ;garantir suporte administrativo e operacional às demais áreas da empresa, com o atendimento telefônico, organização de arquivos, envio de documentos, gestão de planilhas;Grupo IETAAM ;; Greater Belem;;LinkedIn;;;AUXILIAR ADMINISTRATIVO
20 hours ago ;"O Grupo 3corações é construído por pessoas, antes de tudo, apaixonadas pelo que fazem. Temos orgulho de crescer pela força do trabalho e seguir, cada vez mais longe, sem esquecer a nossa essência e os nossos valores.

No grupo 3corações, você tem oportunidade de se desenvolver e construir sua carreira profissional com o apoio, a dignidade e com o respeito de todos.

Buscamos pessoas que queiram arregaçar as mangas e trabalhar de forma colaborativa, independentemente da identidade de gênero, da orientação sexual, da cor da pele, da idade, da religião, da etnia ou do tipo de deficiência.

Vem tomar um café com a gente e descobrir como é apaixonante fazer parte da maior empresa de café do Brasil.

Saiba mais em www.3coracoes.com.br

Responsabilidades e atribuições

Requisitos e qualificações

Escolaridade

Necessário

Desejável

Informações adicionais

Benefícios

Plano de Saúde compartilhado;
Plano Odontológico;
Transporte;
Refeição;
Kit de Produtos mensal;
Seguro de Vida;
Gympass.";3 Corações S/A ;; Santa Luzia, Minas Gerais, Brazil;;LinkedIn;;;AUXILIAR ADMINISTRATIVO
3 hours ago ;"-Realizar o atendimento telefônico e direcionamento de ligações; -Registrar visitantes no Sistema CONTROL ID e pela entrega do crachá de controle de acesso. -Recepcionar visitantes, clientes e transportadores e informar o processo do Expedição sobre a coleta. -Envio, recebimento e distribuição das correspondências -Entregar os canhotos de notas fiscais para serem baixados. -Emitir as etiquetas do sistema do Correio para o envio de pedidos aos clientes, exceto Melhor Envio. -Liberação de pedidos para entrega pelo Correio. -Monitorar no Sistema do Correio se os pedidos entregues pelo Correio foram entregues efetivamente para os clientes. -Imprimir e conferir a fatura de serviços realizados pelo Correio. -Recepcionar fornecedores e registrar na planilha Entrada de Materiais. -Recepcionar e registrar na planilha Entrada de Materiais o recebimento de devoluções e de equipamentos para a Service. Pacote Office Atendimento ao cliente";APS ;; São Paulo, São Paulo, Brazil;;LinkedIn;;;Recepcionista
